user_id,requested_category,main_category_suggestion,description,status,admin_response,id,created_date,updated_date,created_by_id,created_by,is_sample
"כרמית ","תרבות","","","approved","הקטגוריה אושרה והוספה למערכת.","690dfe22ecd2675582e3cbf8","2025-11-07T14:11:46.352000","2025-12-10T16:15:45.628000","683ed65f1113585473038f32","cberdugocohen@gmail.com","false"
"68bfba5836cb7c4c40fe1a80","ציורים מקוריים","אומנות","","approved","הקטגוריה אושרה והוספה למערכת.","68c673d6e14deeb6f650c619","2025-09-14T07:50:46.753000","2025-10-30T09:12:05.075000","68bfba5836cb7c4c40fe1a80","diklabenzion@gmail.com","false"
"68bec8618215c14a4d957e6e","הנחיית הורים","משפחה","","approved","הקטגוריה אושרה והוספה למערכת.","68bec8fa49260af51fbec87d","2025-09-08T12:15:54.543000","2025-09-08T12:46:35.160000","68bec8618215c14a4d957e6e","lironyogev21@gmail.com","false"
"6851219b37f7c5d7457b97da","ערבי נשים ","רוח והשראה ","ב׳ה
ספר שירים השראה + ערב ביתי ברוח הקבלה
סיפורים אישיים מחיי וסיפורי ניסים 
הקשר לקב״ה. והקראת שירים מהספר + מכירה אישית שלי ספר השירים שלי ","approved","הקטגוריה אושרה והוספה למערכת.","6852cea8d6d18aef6652ce88","2025-06-18T14:35:20.964000","2025-08-23T16:57:55.952000","6851219b37f7c5d7457b97da","magnoliya@gmail.com","false"
"684584f4b6e6da9391eeff62","טיפול בריברסינג (נשימה מעגלית)","טיפול ויעוץ","","approved","הקטגוריה אושרה והוספה למערכת.","68516d1cd71a94d27feffa98","2025-06-17T13:26:52.800000","2025-08-23T16:57:50.488000","684584f4b6e6da9391eeff62","nammaf@gmail.com","false"
"68459ef040660a50d635d5b8","דיקור סיני / רפואה סינית / רפואה משלימה","רפואי","רפואה משלימה","approved","הקטגוריה אושרה והוספה למערכת.","6851031e7044616c61cbb751","2025-06-17T05:54:38.107000","2025-08-23T16:57:58.081000","68459ef040660a50d635d5b8","malidvir1@gmail.com","false"
"68457ecdf4baceb2cf6abe6f","דיקור, כוסות רוח ומוקסה","טיפול ויעוץ","טיפול בדיקור סיני/יפני/קוראני/מערבי/קוסמטי
לשיפור הולכה עצבית ווסקולרית,  הקלה על כאב, העלאת חיוניות ואסטטיקה","approved","הקטגוריה אושרה והוספה למערכת.","6850f85f027f6bea6c13f177","2025-06-17T05:08:47.103000","2025-08-23T16:57:45.380000","68457ecdf4baceb2cf6abe6f","gagalilleo@gmail.com","false"