user_id,title,message,type,is_read,action_url,related_entity_id,icon,priority,id,created_date,updated_date,created_by_id,created_by,is_sample
"68bea4c604d7687ff1706fcf","🎉 הפרופיל שלך אושר והופעל!","מזל טוב! הפרופיל המעודכן שלך כולל כל השירותים והתמונות כעת מוצג באתר. לחצי כאן כדי לצפות בפרופיל שלך. (אם אתם רואים פרופיל ריק - רעננו את הדף)","profile_updated","false","/Profile","","✅","high","6966c5cafe08c83d5912e08c","2026-01-13T22:23:06.786000","2026-01-13T22:23:06.786000","683ed65f1113585473038f32","cberdugocohen@gmail.com","false"
"68be9a929e70b9c0405d738a","🎉 הפרופיל שלך אושר והופעל!","מזל טוב! הפרופיל המעודכן שלך כולל כל השירותים והתמונות כעת מוצג באתר. לחצי כאן כדי לצפות בפרופיל שלך. (אם אתם רואים פרופיל ריק - רעננו את הדף)","profile_updated","false","/Profile","","✅","high","6962c48e9938969b30ebfc39","2026-01-10T21:28:46.625000","2026-01-10T21:28:46.625000","683ed65f1113585473038f32","cberdugocohen@gmail.com","false"
"68f7b1b9a33b07f1c0b744cc","🎉 הפרופיל שלך אושר והופעל!","מזל טוב! הפרופיל המעודכן שלך כולל כל השירותים והתמונות כעת מוצג באתר. לחצי כאן כדי לצפות בפרופיל שלך. (אם אתם רואים פרופיל ריק - רעננו את הדף)","profile_updated","false","/Profile","","✅","high","695bd9bc2fd540fa90bb371a","2026-01-05T15:33:16.946000","2026-01-05T15:33:16.946000","683ed65f1113585473038f32","cberdugocohen@gmail.com","false"
"695a10cb031b57504ee60c4e","🎉 הפרופיל שלך אושר והופעל!","מזל טוב! הפרופיל המעודכן שלך כולל כל השירותים והתמונות כעת מוצג באתר. לחצי כאן כדי לצפות בפרופיל שלך.","profile_updated","false","/Profile","","✅","high","695bb866755887f44b5a306a","2026-01-05T13:11:02.977000","2026-01-05T13:11:02.977000","683ed65f1113585473038f32","cberdugocohen@gmail.com","false"
"68f7b1b9a33b07f1c0b744cc","🎉 הפרופיל שלך אושר והופעל!","מזל טוב! הפרופיל המעודכן שלך כולל כל השירותים והתמונות כעת מוצג באתר. לחצי כאן כדי לצפות בפרופיל שלך.","profile_updated","false","/Profile","","✅","high","695bb8667f0f4fec10712674","2026-01-05T13:11:02.954000","2026-01-05T13:11:02.954000","683ed65f1113585473038f32","cberdugocohen@gmail.com","false"
"69038756013f15301578e456","🎉 הפרופיל שלך אושר והופעל!","מזל טוב! הפרופיל המעודכן שלך כולל כל השירותים והתמונות כעת מוצג באתר. לחצי כאן כדי לצפות בפרופיל שלך.","profile_updated","false","/Profile","","✅","high","695a9f0215545bde3e5a4ffa","2026-01-04T17:10:26.845000","2026-01-04T17:10:26.845000","683ed65f1113585473038f32","cberdugocohen@gmail.com","false"
"695a10cb031b57504ee60c4e","🎉 הפרופיל שלך אושר והופעל!","מזל טוב! הפרופיל המעודכן שלך כולל כל השירותים והתמונות כעת מוצג באתר. לחצי כאן כדי לצפות בפרופיל שלך.","profile_updated","false","/Profile","","✅","high","695a9f02879f3e9f059122f9","2026-01-04T17:10:26.358000","2026-01-04T17:10:26.358000","683ed65f1113585473038f32","cberdugocohen@gmail.com","false"
"69038756013f15301578e456","🎉 הפרופיל שלך אושר והופעל!","מזל טוב! הפרופיל המעודכן שלך כולל כל השירותים והתמונות כעת מוצג באתר. לחצי כאן כדי לצפות בפרופיל שלך.","profile_updated","false","/Profile","","✅","high","695a9efc1f7741afba850618","2026-01-04T17:10:20.698000","2026-01-04T17:10:20.698000","683ed65f1113585473038f32","cberdugocohen@gmail.com","false"
"69038756013f15301578e456","❌ עדכון הפרופיל נדחה","הבקשה שלך לעדכון הפרופיל נדחתה. סיבה: כבר אושר

ניתן לערוך את הפרטים ולשלוח שוב לאישור.","system","false","/Profile","","❌","high","695a9ef6278f20dc86344988","2026-01-04T17:10:14.286000","2026-01-04T17:10:14.286000","683ed65f1113585473038f32","cberdugocohen@gmail.com","false"
"69038756013f15301578e456","🎉 הפרופיל שלך אושר והופעל!","מזל טוב! הפרופיל המעודכן שלך כולל כל השירותים והתמונות כעת מוצג באתר. לחצי כאן כדי לצפות בפרופיל שלך.","profile_updated","false","/Profile","","✅","high","695a9ee9b7a537f4caf9e746","2026-01-04T17:10:01.266000","2026-01-04T17:10:01.266000","683ed65f1113585473038f32","cberdugocohen@gmail.com","false"
"695a10cb031b57504ee60c4e","🎉 הפרופיל שלך אושר והופעל!","מזל טוב! הפרופיל המעודכן שלך כולל כל השירותים והתמונות כעת מוצג באתר. לחצי כאן כדי לצפות בפרופיל שלך.","profile_updated","false","/Profile","","✅","high","695a50b7bfb1b9f1a3933d2f","2026-01-04T11:36:23.409000","2026-01-04T11:36:23.409000","683ed65f1113585473038f32","cberdugocohen@gmail.com","false"
"6952b639bb9daf9e942e14f7","🎉 הפרופיל שלך אושר והופעל!","מזל טוב! הפרופיל המעודכן שלך כולל כל השירותים והתמונות כעת מוצג באתר. לחצי כאן כדי לצפות בפרופיל שלך.","profile_updated","false","/Profile","","✅","high","695403b4b362607c9efe063f","2025-12-30T16:54:12.101000","2025-12-30T16:54:12.101000","683ed65f1113585473038f32","cberdugocohen@gmail.com","false"
"68bebd5a2be070ee29762b84","🎉 הפרופיל שלך אושר והופעל!","מזל טוב! הפרופיל המעודכן שלך כולל כל השירותים והתמונות כעת מוצג באתר. לחצי כאן כדי לצפות בפרופיל שלך.","profile_updated","false","/Profile","","✅","high","69537317729d5f3aae8a48f3","2025-12-30T06:37:11.254000","2025-12-30T06:37:11.254000","683ed65f1113585473038f32","cberdugocohen@gmail.com","false"
"68c2e6790e88108267e5be46","🎉 הפרופיל שלך אושר והופעל!","מזל טוב! הפרופיל המעודכן שלך כולל כל השירותים והתמונות כעת מוצג באתר. לחצי כאן כדי לצפות בפרופיל שלך.","profile_updated","false","/Profile","","✅","high","6952b5aeac07b5c228cc0596","2025-12-29T17:09:02.111000","2025-12-29T17:09:02.111000","683ed65f1113585473038f32","cberdugocohen@gmail.com","false"
"693bc5222f02d28a65ef38f2","🎉 הפרופיל שלך אושר והופעל!","מזל טוב! הפרופיל המעודכן שלך כולל כל השירותים והתמונות כעת מוצג באתר. לחצי כאן כדי לצפות בפרופיל שלך.","profile_updated","false","/Profile","","✅","high","6947f077f3496aefc4acf811","2025-12-21T13:04:55.281000","2025-12-21T13:04:55.281000","683ed65f1113585473038f32","cberdugocohen@gmail.com","false"
"68457ecdf4baceb2cf6abe6f","🎉 הפרופיל שלך אושר והופעל!","מזל טוב! הפרופיל המעודכן שלך כולל כל השירותים והתמונות כעת מוצג באתר. לחצי כאן כדי לצפות בפרופיל שלך.","profile_updated","false","/Profile","","✅","high","6947f076552c15799ff742d6","2025-12-21T13:04:54.676000","2025-12-21T13:04:54.676000","683ed65f1113585473038f32","cberdugocohen@gmail.com","false"
"68f72981a2e8053b5217f6b2","🎉 הפרופיל שלך אושר והופעל!","מזל טוב! הפרופיל המעודכן שלך כולל כל השירותים והתמונות כעת מוצג באתר. לחצי כאן כדי לצפות בפרופיל שלך.","profile_updated","false","/Profile","","✅","high","693953b034940c2825ff730b","2025-12-10T11:04:16.088000","2025-12-10T11:04:16.088000","683ed65f1113585473038f32","cberdugocohen@gmail.com","false"
"68f72981a2e8053b5217f6b2","🎉 הפרופיל שלך אושר והופעל!","מזל טוב! הפרופיל המעודכן שלך כולל כל השירותים והתמונות כעת מוצג באתר. לחצי כאן כדי לצפות בפרופיל שלך.","profile_updated","false","/Profile","","✅","high","693953ad541239e7cd4e9896","2025-12-10T11:04:13.086000","2025-12-10T11:04:13.086000","683ed65f1113585473038f32","cberdugocohen@gmail.com","false"
"6845800ecce0ada78f7a0417","🎉 הפרופיל שלך אושר והופעל!","מזל טוב! הפרופיל המעודכן שלך כולל כל השירותים והתמונות כעת מוצג באתר. לחצי כאן כדי לצפות בפרופיל שלך.","profile_updated","false","/Profile","","✅","high","693953ace7079de0ad155482","2025-12-10T11:04:12.532000","2025-12-10T11:04:12.532000","683ed65f1113585473038f32","cberdugocohen@gmail.com","false"
"68459ef040660a50d635d5b8","🎉 הפרופיל שלך אושר והופעל!","מזל טוב! הפרופיל המעודכן שלך כולל כל השירותים והתמונות כעת מוצג באתר. לחצי כאן כדי לצפות בפרופיל שלך.","profile_updated","false","/Profile","","✅","high","69392a4cb8493ca6e012e616","2025-12-10T08:07:40.157000","2025-12-10T08:07:40.157000","683ed65f1113585473038f32","cberdugocohen@gmail.com","false"
"68459ef040660a50d635d5b8","🎉 הפרופיל שלך אושר והופעל!","מזל טוב! הפרופיל המעודכן שלך כולל כל השירותים והתמונות כעת מוצג באתר. לחצי כאן כדי לצפות בפרופיל שלך.","profile_updated","false","/Profile","","✅","high","69392a4529c3c7e546d6b3fb","2025-12-10T08:07:33.557000","2025-12-10T08:07:33.557000","683ed65f1113585473038f32","cberdugocohen@gmail.com","false"
"68beccdb31677d443792c007","🎉 הפרופיל שלך אושר והופעל!","מזל טוב! הפרופיל המעודכן שלך כולל כל השירותים והתמונות כעת מוצג באתר. לחצי כאן כדי לצפות בפרופיל שלך.","profile_updated","false","/Profile","","✅","high","6939067ed866503732533ad9","2025-12-10T05:34:54.940000","2025-12-10T05:34:54.940000","683ed65f1113585473038f32","cberdugocohen@gmail.com","false"
"68c6cf5449908d7194ecbb27","🎉 הפרופיל שלך אושר והופעל!","מזל טוב! הפרופיל המעודכן שלך כולל כל השירותים והתמונות כעת מוצג באתר. לחצי כאן כדי לצפות בפרופיל שלך.","profile_updated","false","/Profile","","✅","high","6939067b364b943f64734146","2025-12-10T05:34:51.856000","2025-12-10T05:34:51.856000","683ed65f1113585473038f32","cberdugocohen@gmail.com","false"
"68bfc421aac14356151fd569","🎉 הפרופיל שלך אושר והופעל!","מזל טוב! הפרופיל המעודכן שלך כולל כל השירותים והתמונות כעת מוצג באתר. לחצי כאן כדי לצפות בפרופיל שלך.","profile_updated","false","/Profile","","✅","high","6939067746b576d21d01dfa9","2025-12-10T05:34:47.771000","2025-12-10T05:34:47.771000","683ed65f1113585473038f32","cberdugocohen@gmail.com","false"
"68c6cf5449908d7194ecbb27","🎉 הפרופיל שלך אושר והופעל!","מזל טוב! הפרופיל המעודכן שלך כולל כל השירותים והתמונות כעת מוצג באתר. לחצי כאן כדי לצפות בפרופיל שלך.","profile_updated","false","/Profile","","✅","high","69390673caa07eaef19188cc","2025-12-10T05:34:43.449000","2025-12-10T05:34:43.449000","683ed65f1113585473038f32","cberdugocohen@gmail.com","false"
"68ff7c2478c2a71d7ec9bb49","🎉 הפרופיל שלך אושר והופעל!","מזל טוב! הפרופיל המעודכן שלך כולל כל השירותים והתמונות כעת מוצג באתר. לחצי כאן כדי לצפות בפרופיל שלך.","profile_updated","false","/Profile","","✅","high","6939066f36acff81714bfcf2","2025-12-10T05:34:39.231000","2025-12-10T05:34:39.231000","683ed65f1113585473038f32","cberdugocohen@gmail.com","false"
"691ec3220c9c5d3efd1b8131","הפרופיל שלך אושר!","הפרופיל שלך עודכן בהצלחה! כל השירותים והתמונות שלך כעת מוצגים באתר. רענני את הדף כדי לראות את השינויים.","profile_updated","false","/Profile","","✅","medium","691ed143089a86bf705d0672","2025-11-20T08:28:51.100000","2025-11-20T08:28:51.100000","683ed65f1113585473038f32","cberdugocohen@gmail.com","false"
"691ec3220c9c5d3efd1b8131","הפרופיל שלך אושר!","הפרופיל שלך עודכן בהצלחה! כל השירותים והתמונות שלך כעת מוצגים באתר. רענני את הדף כדי לראות את השינויים.","profile_updated","false","/Profile","","✅","medium","691ed1422085d6022bdb1a99","2025-11-20T08:28:50.084000","2025-11-20T08:28:50.084000","683ed65f1113585473038f32","cberdugocohen@gmail.com","false"
"691ec3220c9c5d3efd1b8131","הפרופיל שלך אושר!","הפרופיל שלך עודכן בהצלחה! כל השירותים והתמונות שלך כעת מוצגים באתר. רענני את הדף כדי לראות את השינויים.","profile_updated","false","/Profile","","✅","medium","691ed1417355fedbcca054ed","2025-11-20T08:28:49.173000","2025-11-20T08:28:49.173000","683ed65f1113585473038f32","cberdugocohen@gmail.com","false"
"691ec3220c9c5d3efd1b8131","הפרופיל שלך אושר!","הפרופיל שלך עודכן בהצלחה! כל השירותים והתמונות שלך כעת מוצגים באתר. רענני את הדף כדי לראות את השינויים.","profile_updated","false","/Profile","","✅","medium","691ed1400340b7b509a09343","2025-11-20T08:28:48.730000","2025-11-20T08:28:48.730000","683ed65f1113585473038f32","cberdugocohen@gmail.com","false"
"691ec3220c9c5d3efd1b8131","הפרופיל שלך אושר!","הפרופיל שלך עודכן בהצלחה! כל השירותים והתמונות שלך כעת מוצגים באתר. רענני את הדף כדי לראות את השינויים.","profile_updated","false","/Profile","","✅","medium","691ed13fdcfb7d47df02ac83","2025-11-20T08:28:47.475000","2025-11-20T08:28:47.475000","683ed65f1113585473038f32","cberdugocohen@gmail.com","false"
"691ec3220c9c5d3efd1b8131","הפרופיל שלך אושר!","הפרופיל שלך עודכן בהצלחה! כל השירותים והתמונות שלך כעת מוצגים באתר. רענני את הדף כדי לראות את השינויים.","profile_updated","false","/Profile","","✅","medium","691ed13dfa1de336fd5bd2f8","2025-11-20T08:28:45.044000","2025-11-20T08:28:45.044000","683ed65f1113585473038f32","cberdugocohen@gmail.com","false"
"68fe13afed71973678fb2aca","הפרופיל שלך אושר!","הפרופיל שלך עודכן בהצלחה! כל השירותים והתמונות שלך כעת מוצגים באתר. רענני את הדף כדי לראות את השינויים.","profile_updated","false","/Profile","","✅","medium","691a1e6dd08ae8596fe95d4c","2025-11-16T18:56:45.850000","2025-11-16T18:56:45.850000","683ed65f1113585473038f32","cberdugocohen@gmail.com","false"
"690204ebf9a44647276b3ca7","הפרופיל שלך אושר!","הפרופיל שלך עודכן בהצלחה! כל השירותים והתמונות שלך כעת מוצגים באתר. רענני את הדף כדי לראות את השינויים.","profile_updated","false","/Profile","","✅","medium","691731512ef24715e6989c8a","2025-11-14T13:40:33.815000","2025-11-14T13:40:33.815000","683ed65f1113585473038f32","cberdugocohen@gmail.com","false"
"690ae8681d1f4f59fef2afd1","הפרופיל שלך אושר!","הפרופיל שלך עודכן בהצלחה! כל השירותים והתמונות שלך כעת מוצגים באתר. רענני את הדף כדי לראות את השינויים.","profile_updated","false","/Profile","","✅","medium","6917314cb4893b917d6e6c63","2025-11-14T13:40:28.810000","2025-11-14T13:40:28.810000","683ed65f1113585473038f32","cberdugocohen@gmail.com","false"
"690ae8681d1f4f59fef2afd1","הפרופיל שלך אושר!","הפרופיל שלך עודכן בהצלחה! כל השירותים והתמונות שלך כעת מוצגים באתר. רענני את הדף כדי לראות את השינויים.","profile_updated","false","/Profile","","✅","medium","6917314c76d5f0d802b0d0f5","2025-11-14T13:40:28.089000","2025-11-14T13:40:28.089000","683ed65f1113585473038f32","cberdugocohen@gmail.com","false"
"690ae8681d1f4f59fef2afd1","הפרופיל שלך אושר!","הפרופיל שלך עודכן בהצלחה! כל השירותים והתמונות שלך כעת מוצגים באתר. רענני את הדף כדי לראות את השינויים.","profile_updated","false","/Profile","","✅","medium","691731492841c65402a43d07","2025-11-14T13:40:25.457000","2025-11-14T13:40:25.457000","683ed65f1113585473038f32","cberdugocohen@gmail.com","false"
"6845828d0e5f80db01bb87b0","הפרופיל שלך אושר!","הפרופיל שלך עודכן בהצלחה! כל השירותים והתמונות שלך כעת מוצגים באתר. רענני את הדף כדי לראות את השינויים.","profile_updated","false","/Profile","","✅","medium","69173142c3c8d019c07e1074","2025-11-14T13:40:18.680000","2025-11-14T13:40:18.680000","683ed65f1113585473038f32","cberdugocohen@gmail.com","false"
"690204ebf9a44647276b3ca7","הפרופיל שלך אושר!","הפרופיל שלך עודכן בהצלחה! כל השירותים והתמונות שלך כעת מוצגים באתר. רענני את הדף כדי לראות את השינויים.","profile_updated","false","/Profile","","✅","medium","691731335bf26f275dcd2ca1","2025-11-14T13:40:03.619000","2025-11-14T13:40:03.619000","683ed65f1113585473038f32","cberdugocohen@gmail.com","false"
"685a7a77d44d3efd6a17a4d0","הפרופיל שלך אושר!","הפרופיל שלך עודכן בהצלחה! כל השירותים והתמונות שלך כעת מוצגים באתר. רענני את הדף כדי לראות את השינויים.","profile_updated","false","/Profile","","✅","medium","69138367468b63749e89356b","2025-11-11T18:41:43.202000","2025-11-11T18:41:43.202000","683ed65f1113585473038f32","cberdugocohen@gmail.com","false"
"6845d60dc9e76d6e8a3079ae","הפרופיל שלך אושר!","הפרופיל שלך עודכן בהצלחה! כל השירותים והתמונות שלך כעת מוצגים באתר. רענני את הדף כדי לראות את השינויים.","profile_updated","false","/Profile","","✅","medium","69137d75320ca8059e434ad8","2025-11-11T18:16:21.711000","2025-11-11T18:16:21.711000","683ed65f1113585473038f32","cberdugocohen@gmail.com","false"
"69109ab0a56b8616f0ef53ea","הפרופיל שלך אושר!","הפרופיל שלך עודכן בהצלחה! כל השירותים והתמונות שלך כעת מוצגים באתר. רענני את הדף כדי לראות את השינויים.","profile_updated","false","/Profile","","✅","medium","691358a326fdc11e8fc0d089","2025-11-11T15:39:15.151000","2025-11-11T15:39:15.151000","683ed65f1113585473038f32","cberdugocohen@gmail.com","false"
"68513c1d62c65aee44a46883","הפרופיל שלך אושר!","הפרופיל שלך עודכן בהצלחה! כל השירותים והתמונות שלך כעת מוצגים באתר. רענני את הדף כדי לראות את השינויים.","profile_updated","false","/Profile","","✅","medium","6913589f1b530cb08e728de4","2025-11-11T15:39:11.702000","2025-11-11T15:39:11.702000","683ed65f1113585473038f32","cberdugocohen@gmail.com","false"
"6900ad6e1bda66313d99059f","הפרופיל שלך אושר!","הפרופיל שלך עודכן בהצלחה! כל השירותים והתמונות שלך כעת מוצגים באתר. רענני את הדף כדי לראות את השינויים.","profile_updated","false","/Profile","","✅","medium","691358937c71b8baf32c6c3f","2025-11-11T15:38:59.921000","2025-11-11T15:38:59.921000","683ed65f1113585473038f32","cberdugocohen@gmail.com","false"
"691305822232328a8872a739","הפרופיל שלך אושר!","הפרופיל שלך עודכן בהצלחה! כל השירותים והתמונות שלך כעת מוצגים באתר. רענני את הדף כדי לראות את השינויים.","profile_updated","false","/Profile","","✅","medium","69135889f0b6c74cdf0e154a","2025-11-11T15:38:49.169000","2025-11-11T15:38:49.169000","683ed65f1113585473038f32","cberdugocohen@gmail.com","false"
"68c67eec582dc4e5ea6eed4d","הפרופיל שלך אושר!","הפרופיל שלך עודכן בהצלחה! כל השירותים והתמונות שלך כעת מוצגים באתר. רענני את הדף כדי לראות את השינויים.","profile_updated","false","/Profile","","✅","medium","69135886efd523380482f06c","2025-11-11T15:38:46.093000","2025-11-11T15:38:46.093000","683ed65f1113585473038f32","cberdugocohen@gmail.com","false"
"690204ebf9a44647276b3ca7","הפרופיל שלך אושר!","הפרופיל שלך עודכן בהצלחה! כל השירותים והתמונות שלך כעת מוצגים באתר. רענני את הדף כדי לראות את השינויים.","profile_updated","false","/Profile","","✅","medium","69135882d92260e24682338e","2025-11-11T15:38:42.184000","2025-11-11T15:38:42.184000","683ed65f1113585473038f32","cberdugocohen@gmail.com","false"
"69109ab0a56b8616f0ef53ea","הפרופיל שלך אושר!","הפרופיל שלך עודכן בהצלחה! כל השירותים והתמונות שלך כעת מוצגים באתר. רענני את הדף כדי לראות את השינויים.","profile_updated","false","/Profile","","✅","medium","6913587dd5118994fd76a315","2025-11-11T15:38:37.707000","2025-11-11T15:38:37.707000","683ed65f1113585473038f32","cberdugocohen@gmail.com","false"
"691228bff165cf5243b37ef9","הפרופיל שלך אושר!","הפרופיל שלך עודכן בהצלחה! כל השירותים והתמונות שלך כעת מוצגים באתר. רענני את הדף כדי לראות את השינויים.","profile_updated","false","/Profile","","✅","medium","691358768ae6070a553e0b28","2025-11-11T15:38:30.295000","2025-11-11T15:38:30.295000","683ed65f1113585473038f32","cberdugocohen@gmail.com","false"
"690ae8681d1f4f59fef2afd1","הפרופיל שלך אושר!","הפרופיל שלך עודכן בהצלחה! כל השירותים והתמונות שלך כעת מוצגים באתר. רענני את הדף כדי לראות את השינויים.","profile_updated","false","/Profile","","✅","medium","691358728ae6070a553e0b26","2025-11-11T15:38:26.850000","2025-11-11T15:38:26.850000","683ed65f1113585473038f32","cberdugocohen@gmail.com","false"
"68bfba5836cb7c4c40fe1a80","הפרופיל שלך אושר!","הפרופיל שלך עודכן בהצלחה! כל השירותים והתמונות שלך כעת מוצגים באתר. רענני את הדף כדי לראות את השינויים.","profile_updated","false","/Profile","","✅","medium","6913586a1277ae70b9c7da80","2025-11-11T15:38:18.362000","2025-11-11T15:38:18.362000","683ed65f1113585473038f32","cberdugocohen@gmail.com","false"
"68bfba5836cb7c4c40fe1a80","הפרופיל שלך אושר!","הפרופיל שלך עודכן בהצלחה! כל השירותים והתמונות שלך כעת מוצגים באתר. רענני את הדף כדי לראות את השינויים.","profile_updated","false","/Profile","","✅","medium","69135865cd6f1f751197882b","2025-11-11T15:38:13.247000","2025-11-11T15:38:13.247000","683ed65f1113585473038f32","cberdugocohen@gmail.com","false"
"6845d60dc9e76d6e8a3079ae","הפרופיל שלך אושר!","הפרופיל שלך עודכן בהצלחה! כל השירותים והתמונות שלך כעת מוצגים באתר. רענני את הדף כדי לראות את השינויים.","profile_updated","false","/Profile","","✅","medium","6913585df3417025047e74e2","2025-11-11T15:38:05.283000","2025-11-11T15:38:05.283000","683ed65f1113585473038f32","cberdugocohen@gmail.com","false"
"685a7a77d44d3efd6a17a4d0","⭐ קיבלת המלצה חדשה!","חיה עזריה המליצה על השירות שלך: ""ענתי חושפת שיח יומיומי עמוק עם הבורא, ומתארת כיצד ...""","system","false","","migrated_paid_68c29b9a3dc6f07f760a7ca8_1762518056685","⭐","medium","6910b8452c4e175ee1495a09","2025-11-09T15:50:29.822000","2025-11-09T15:50:29.822000","690baf829aa15889db406672","alon24@012.net.il","false"
"68be9cd25de226bd79286fc1","הפרופיל שלך אושר!","הפרופיל שלך עודכן בהצלחה! כל השירותים והתמונות שלך כעת מוצגים באתר. רענני את הדף כדי לראות את השינויים.","profile_updated","false","/Profile","","✅","medium","690dba635c404673be0abf3a","2025-11-07T09:22:43.053000","2025-11-07T09:22:43.053000","683ed65f1113585473038f32","cberdugocohen@gmail.com","false"
"683ed65f1113585473038f32","עדכון הפרופיל נדחה","בקשתך לעדכון הפרופיל נדחתה. סיבה: ניסיון","system","false","/Profile","","❌","medium","690c86e341174878e2994fb9","2025-11-06T11:30:43.413000","2025-11-06T11:30:43.413000","683ed65f1113585473038f32","cberdugocohen@gmail.com","false"
"690baf829aa15889db406672","הפרופיל שלך אושר!","הפרופיל שלך עודכן בהצלחה! כל השירותים והתמונות שלך כעת מוצגים באתר. רענני את הדף כדי לראות את השינויים.","profile_updated","false","/Profile","","✅","medium","690c86d5063819abc60ab83d","2025-11-06T11:30:29.898000","2025-11-06T11:30:29.898000","683ed65f1113585473038f32","cberdugocohen@gmail.com","false"
"68be9cd25de226bd79286fc1","הפרופיל שלך אושר!","הפרופיל שלך עודכן בהצלחה! כל השירותים והתמונות שלך כעת מוצגים באתר. רענני את הדף כדי לראות את השינויים.","profile_updated","false","/Profile","","✅","medium","690c86bbd61f78fcfe23bca6","2025-11-06T11:30:03.335000","2025-11-06T11:30:03.335000","683ed65f1113585473038f32","cberdugocohen@gmail.com","false"
"68be9cd25de226bd79286fc1","הפרופיל שלך אושר!","הפרופיל שלך עודכן בהצלחה! כל השירותים והתמונות שלך כעת מוצגים באתר. רענני את הדף כדי לראות את השינויים.","profile_updated","false","/Profile","","✅","medium","690c86b8348a340014ee59ad","2025-11-06T11:30:00.720000","2025-11-06T11:30:00.720000","683ed65f1113585473038f32","cberdugocohen@gmail.com","false"
"68be9cd25de226bd79286fc1","הפרופיל שלך אושר!","הפרופיל שלך עודכן בהצלחה! כל השירותים והתמונות שלך כעת מוצגים באתר. רענני את הדף כדי לראות את השינויים.","profile_updated","false","/Profile","","✅","medium","690c86b678189c9da356c703","2025-11-06T11:29:58.951000","2025-11-06T11:29:58.951000","683ed65f1113585473038f32","cberdugocohen@gmail.com","false"
"684584f4b6e6da9391eeff62","הפרופיל שלך אושר!","הפרופיל שלך עודכן בהצלחה! כל השירותים והתמונות שלך כעת מוצגים באתר. רענני את הדף כדי לראות את השינויים.","profile_updated","false","/Profile","","✅","medium","690b5838b178553818cc4fc7","2025-11-05T13:59:20.630000","2025-11-05T13:59:20.630000","683ed65f1113585473038f32","cberdugocohen@gmail.com","false"
"690ad826fa3d5ddf00c49f5c","הפרופיל שלך אושר!","הפרופיל שלך עודכן בהצלחה! כל השירותים והתמונות שלך כעת מוצגים באתר. רענני את הדף כדי לראות את השינויים.","profile_updated","false","/Profile","","✅","medium","690b03485f1b4146293bc85c","2025-11-05T07:56:56.391000","2025-11-05T07:56:56.391000","683ed65f1113585473038f32","cberdugocohen@gmail.com","false"
"690ae8681d1f4f59fef2afd1","הפרופיל שלך אושר!","הפרופיל שלך עודכן בהצלחה! כל השירותים והתמונות שלך כעת מוצגים באתר. רענני את הדף כדי לראות את השינויים.","profile_updated","false","/Profile","","✅","medium","690b034232941abc78aec098","2025-11-05T07:56:50.854000","2025-11-05T07:56:50.854000","683ed65f1113585473038f32","cberdugocohen@gmail.com","false"
"68c252873263ba125b99e751","הפרופיל שלך אושר!","הפרופיל שלך עודכן בהצלחה! כל השירותים והתמונות שלך כעת מוצגים באתר. רענני את הדף כדי לראות את השינויים.","profile_updated","false","/Profile","","✅","medium","690ad60184042b71db4a124a","2025-11-05T04:43:45.909000","2025-11-05T04:43:45.909000","683ed65f1113585473038f32","cberdugocohen@gmail.com","false"
"68bece66ec6d25be9062c9f4","הפרופיל שלך אושר!","הפרופיל שלך עודכן בהצלחה! כל השירותים והתמונות שלך כעת מוצגים באתר. רענני את הדף כדי לראות את השינויים.","profile_updated","false","/Profile","","✅","medium","690ad5f6eefe0de2eb2ec8c0","2025-11-05T04:43:34.641000","2025-11-05T04:43:34.641000","683ed65f1113585473038f32","cberdugocohen@gmail.com","false"
"68f773a4245574ca5953d117","הפרופיל שלך אושר!","הפרופיל שלך עודכן בהצלחה! כל השירותים והתמונות שלך כעת מוצגים באתר. רענני את הדף כדי לראות את השינויים.","profile_updated","false","/Profile","","✅","medium","690ad5dff15f1b804f2778f9","2025-11-05T04:43:11.711000","2025-11-05T04:43:11.711000","683ed65f1113585473038f32","cberdugocohen@gmail.com","false"
"68fa8c2a7b0f0c39729d9eca","הפרופיל שלך אושר!","הפרופיל שלך עודכן בהצלחה! כל השירותים והתמונות שלך כעת מוצגים באתר. רענני את הדף כדי לראות את השינויים.","profile_updated","false","/Profile","","✅","medium","690ad5d23a5678e9540c92a2","2025-11-05T04:42:58.486000","2025-11-05T04:42:58.486000","683ed65f1113585473038f32","cberdugocohen@gmail.com","false"
"690a3775801c53e9702b7bf2","הפרופיל שלך אושר!","הפרופיל שלך עודכן בהצלחה! כל השירותים והתמונות שלך כעת מוצגים באתר. רענני את הדף כדי לראות את השינויים.","profile_updated","false","/Profile","","✅","medium","690ad5cdeb896e8ad01b885f","2025-11-05T04:42:53.999000","2025-11-05T04:42:53.999000","683ed65f1113585473038f32","cberdugocohen@gmail.com","false"
"68513c1d62c65aee44a46883","הפרופיל שלך אושר!","הפרופיל שלך עודכן בהצלחה! כל השירותים והתמונות שלך כעת מוצגים באתר. רענני את הדף כדי לראות את השינויים.","profile_updated","false","/Profile","","✅","medium","690ad5b35226d33303aee538","2025-11-05T04:42:27.077000","2025-11-05T04:42:27.077000","683ed65f1113585473038f32","cberdugocohen@gmail.com","false"
"68fa8c2a7b0f0c39729d9eca","הפרופיל שלך אושר!","הפרופיל שלך עודכן בהצלחה! כל השירותים והתמונות שלך כעת מוצגים באתר. רענני את הדף כדי לראות את השינויים.","profile_updated","false","/Profile","","✅","medium","690ad59c274b7eeb883f32e8","2025-11-05T04:42:04.333000","2025-11-05T04:42:04.333000","683ed65f1113585473038f32","cberdugocohen@gmail.com","false"
"68a440fa44982c252636a4c7","הפרופיל שלך אושר!","הפרופיל שלך עודכן בהצלחה! כל השירותים והתמונות שלך כעת מוצגים באתר. רענני את הדף כדי לראות את השינויים.","profile_updated","false","/Profile","","✅","medium","69090757c609453a76f5c44a","2025-11-03T19:49:43.890000","2025-11-03T19:49:43.890000","683ed65f1113585473038f32","cberdugocohen@gmail.com","false"
"68a440fa44982c252636a4c7","הפרופיל שלך אושר!","הפרופיל שלך עודכן בהצלחה! כל השירותים והתמונות שלך כעת מוצגים באתר. רענני את הדף כדי לראות את השינויים.","profile_updated","false","/Profile","","✅","medium","69090753a163b3ce484f274d","2025-11-03T19:49:39.550000","2025-11-03T19:49:39.550000","683ed65f1113585473038f32","cberdugocohen@gmail.com","false"
"68a440fa44982c252636a4c7","הפרופיל שלך אושר!","הפרופיל שלך עודכן בהצלחה! כל השירותים והתמונות שלך כעת מוצגים באתר. רענני את הדף כדי לראות את השינויים.","profile_updated","false","/Profile","","✅","medium","690907509443ada22385e466","2025-11-03T19:49:36.294000","2025-11-03T19:49:36.294000","683ed65f1113585473038f32","cberdugocohen@gmail.com","false"
"685a7a77d44d3efd6a17a4d0","הפרופיל שלך אושר!","הפרופיל שלך עודכן בהצלחה! כל השירותים והתמונות שלך כעת מוצגים באתר. רענני את הדף כדי לראות את השינויים.","profile_updated","false","/Profile","","✅","medium","6909074bf74160aeaf1353b0","2025-11-03T19:49:31.260000","2025-11-03T19:49:31.260000","683ed65f1113585473038f32","cberdugocohen@gmail.com","false"
"685a7a77d44d3efd6a17a4d0","הפרופיל שלך אושר!","הפרופיל שלך עודכן בהצלחה! כל השירותים והתמונות שלך כעת מוצגים באתר. רענני את הדף כדי לראות את השינויים.","profile_updated","false","/Profile","","✅","medium","69090745b64c4c4b0d426e33","2025-11-03T19:49:25.517000","2025-11-03T19:49:25.517000","683ed65f1113585473038f32","cberdugocohen@gmail.com","false"
"685a7a77d44d3efd6a17a4d0","הפרופיל שלך אושר!","הפרופיל שלך עודכן בהצלחה! כל השירותים והתמונות שלך כעת מוצגים באתר. רענני את הדף כדי לראות את השינויים.","profile_updated","false","/Profile","","✅","medium","69089c349d25dfe38e8369cf","2025-11-03T12:12:36.089000","2025-11-03T12:12:36.089000","683ed65f1113585473038f32","cberdugocohen@gmail.com","false"
"6904b7fb520fdfe034c56abb","הפרופיל שלך אושר!","הפרופיל שלך עודכן בהצלחה! כל השירותים והתמונות שלך כעת מוצגים באתר. רענני את הדף כדי לראות את השינויים.","profile_updated","false","/Profile","","✅","medium","690750fefb935c64d922369e","2025-11-02T12:39:26.109000","2025-11-02T12:39:26.109000","683ed65f1113585473038f32","cberdugocohen@gmail.com","false"
"690204ebf9a44647276b3ca7","הפרופיל שלך אושר!","הפרופיל שלך עודכן בהצלחה! כל השירותים והתמונות שלך כעת מוצגים באתר. רענני את הדף כדי לראות את השינויים.","profile_updated","false","/Profile","","✅","medium","690750f967328f68fcdfa0ce","2025-11-02T12:39:21.223000","2025-11-02T12:39:21.223000","683ed65f1113585473038f32","cberdugocohen@gmail.com","false"
"6845d60dc9e76d6e8a3079ae","הפרופיל שלך אושר!","הפרופיל שלך עודכן בהצלחה! כל השירותים והתמונות שלך כעת מוצגים באתר. רענני את הדף כדי לראות את השינויים.","profile_updated","false","/Profile","","✅","medium","690750f6d7a04e372fd28bf6","2025-11-02T12:39:18.502000","2025-11-02T12:39:18.502000","683ed65f1113585473038f32","cberdugocohen@gmail.com","false"
"6845d60dc9e76d6e8a3079ae","הפרופיל שלך אושר!","הפרופיל שלך עודכן בהצלחה! כל השירותים והתמונות שלך כעת מוצגים באתר. רענני את הדף כדי לראות את השינויים.","profile_updated","false","/Profile","","✅","medium","690750f2b42f89b9629aaf17","2025-11-02T12:39:14.449000","2025-11-02T12:39:14.449000","683ed65f1113585473038f32","cberdugocohen@gmail.com","false"
"69067bec142d5f25c198dbcd","הפרופיל שלך אושר!","הפרופיל שלך עודכן בהצלחה! כל השירותים והתמונות שלך כעת מוצגים באתר. רענני את הדף כדי לראות את השינויים.","profile_updated","false","/Profile","","✅","medium","690750ea23813101a59242ce","2025-11-02T12:39:06.975000","2025-11-02T12:39:06.975000","683ed65f1113585473038f32","cberdugocohen@gmail.com","false"
"68be9cd25de226bd79286fc1","הפרופיל שלך אושר!","הפרופיל שלך עודכן בהצלחה! כל השירותים והתמונות שלך כעת מוצגים באתר. רענני את הדף כדי לראות את השינויים.","profile_updated","false","/Profile","","✅","medium","690370bf4bf58a04dc15dd03","2025-10-30T14:05:51.266000","2025-10-30T14:05:51.266000","683ed65f1113585473038f32","cberdugocohen@gmail.com","false"
"68be9cd25de226bd79286fc1","הפרופיל שלך אושר!","הפרופיל שלך עודכן בהצלחה! כל השירותים והתמונות שלך כעת מוצגים באתר. רענני את הדף כדי לראות את השינויים.","profile_updated","false","/Profile","","✅","medium","6903529bb2027a77834d228d","2025-10-30T11:57:15.579000","2025-10-30T11:57:15.579000","683ed65f1113585473038f32","cberdugocohen@gmail.com","false"
"68be9cd25de226bd79286fc1","הפרופיל שלך אושר!","הפרופיל שלך עודכן בהצלחה! כל השירותים והתמונות שלך כעת מוצגים באתר. רענני את הדף כדי לראות את השינויים.","profile_updated","false","/Profile","","✅","medium","69034a3ce79f2d31a35b8c68","2025-10-30T11:21:32.600000","2025-10-30T11:21:32.600000","683ed65f1113585473038f32","cberdugocohen@gmail.com","false"
"68be9cd25de226bd79286fc1","הפרופיל שלך אושר!","הפרופיל שלך עודכן בהצלחה! כל השירותים והתמונות שלך כעת מוצגים באתר","profile_updated","false","/Profile","","✅","medium","6903426acc5bc958726a2316","2025-10-30T10:48:10.811000","2025-10-30T10:48:10.811000","683ed65f1113585473038f32","cberdugocohen@gmail.com","false"
"68be9cd25de226bd79286fc1","הפרופיל שלך אושר!","הפרופיל שלך עודכן בהצלחה! כל השירותים והתמונות שלך כעת מוצגים באתר","profile_updated","false","/Profile","","✅","medium","69034269e760030bd323b750","2025-10-30T10:48:09.118000","2025-10-30T10:48:09.118000","683ed65f1113585473038f32","cberdugocohen@gmail.com","false"
"68ff7c2478c2a71d7ec9bb49","עדכון הפרופיל נדחה","בקשתך לעדכון הפרופיל נדחתה. סיבה: ניסיון","system","false","/Profile","","❌","medium","6903390b1b5c56d21ac5e770","2025-10-30T10:08:11.237000","2025-10-30T10:08:11.237000","683ed65f1113585473038f32","cberdugocohen@gmail.com","false"
"68bec527817f8ebca61dfc23","הפרופיל שלך אושר!","הפרופיל שלך עודכן בהצלחה! כל השירותים והתמונות שלך כעת מוצגים באתר","profile_updated","false","/Profile","","✅","medium","69033825a68f43f3fb99ce40","2025-10-30T10:04:21.007000","2025-10-30T10:04:21.007000","683ed65f1113585473038f32","cberdugocohen@gmail.com","false"
"68ff7c2478c2a71d7ec9bb49","הפרופיל שלך אושר!","הפרופיל שלך עודכן בהצלחה! כל השירותים והתמונות שלך כעת מוצגים באתר","profile_updated","false","/Profile","","✅","medium","69032fbb47badcf180387a31","2025-10-30T09:28:27.092000","2025-10-30T09:28:27.092000","683ed65f1113585473038f32","cberdugocohen@gmail.com","false"
"68ff7c2478c2a71d7ec9bb49","הפרופיל שלך אושר!","הפרופיל שלך עודכן בהצלחה והשינויים שלך כולל התמונות מוצגים כעת","profile_updated","false","/Profile","","✅","medium","69026d211a2cf9f854349307","2025-10-29T19:38:09.889000","2025-10-29T19:38:09.889000","683ed65f1113585473038f32","cberdugocohen@gmail.com","false"
"68ff7c2478c2a71d7ec9bb49","הפרופיל שלך אושר! 🎉","השינויים שביקשת אושרו ועכשיו מוצגים בפרופיל שלך","profile_updated","false","/dashboard/my-profile","","✅","medium","69026a9b03831d91a09ce1be","2025-10-29T19:27:23.127000","2025-10-29T19:27:23.127000","683ed65f1113585473038f32","cberdugocohen@gmail.com","false"
"68ff7c2478c2a71d7ec9bb49","הפרופיל שלך אושר! 🎉","השינויים שביקשת אושרו ועכשיו מוצגים בפרופיל שלך","profile_updated","false","/dashboard/my-profile","","✅","medium","6902472b9b29bae5a86033ca","2025-10-29T16:56:11.006000","2025-10-29T16:56:11.006000","683ed65f1113585473038f32","cberdugocohen@gmail.com","false"
"68a440fa44982c252636a4c7","הפרופיל שלך אושר! 🎉","השינויים שביקשת אושרו ועכשיו מוצגים בפרופיל שלך","profile_updated","false","/dashboard/my-profile","","✅","medium","6902205f22aea4c7c2dd3784","2025-10-29T14:10:39.665000","2025-10-29T14:10:39.665000","683ed65f1113585473038f32","cberdugocohen@gmail.com","false"
"68a440fa44982c252636a4c7","הפרופיל שלך אושר! 🎉","השינויים שביקשת אושרו ועכשיו מוצגים בפרופיל שלך","profile_updated","false","/dashboard/my-profile","","✅","medium","6902205b94f62e72d60bccba","2025-10-29T14:10:35.866000","2025-10-29T14:10:35.866000","683ed65f1113585473038f32","cberdugocohen@gmail.com","false"
"68a440fa44982c252636a4c7","הפרופיל שלך אושר! 🎉","השינויים שביקשת אושרו ועכשיו מוצגים בפרופיל שלך","profile_updated","false","/dashboard/my-profile","","✅","medium","69022057758865cb2e46ef36","2025-10-29T14:10:31.230000","2025-10-29T14:10:31.230000","683ed65f1113585473038f32","cberdugocohen@gmail.com","false"
"68a440fa44982c252636a4c7","הפרופיל שלך אושר! 🎉","השינויים שביקשת אושרו ועכשיו מוצגים בפרופיל שלך","profile_updated","false","/dashboard/my-profile","","✅","medium","690220513073f681e9e4c921","2025-10-29T14:10:25.333000","2025-10-29T14:10:25.333000","683ed65f1113585473038f32","cberdugocohen@gmail.com","false"
"683ed65f1113585473038f32","נדרשים שינויים בפרופיל שלך","אנא עייני במשוב שסופק ועדכני את הפרופיל שלך.","profile_updated","false","/dashboard/my-profile","","📝","medium","69021f06f1316c6de85e2a78","2025-10-29T14:04:54.878000","2025-10-29T14:04:54.878000","683ed65f1113585473038f32","cberdugocohen@gmail.com","false"
"68be9a929e70b9c0405d738a","הפרופיל שלך אושר! 🎉","השינויים שביקשת אושרו ועכשיו מוצגים בפרופיל שלך","profile_updated","false","/dashboard/my-profile","","✅","medium","69021e3cae63337800cc9755","2025-10-29T14:01:32.326000","2025-10-29T14:01:32.326000","683ed65f1113585473038f32","cberdugocohen@gmail.com","false"
"6900ad6e1bda66313d99059f","הפרופיל שלך אושר! 🎉","השינויים שביקשת אושרו ועכשיו מוצגים בפרופיל שלך","profile_updated","false","/dashboard/my-profile","","✅","medium","6901e59c485b0c71f2f685ef","2025-10-29T09:59:56.335000","2025-10-29T09:59:56.335000","683ed65f1113585473038f32","cberdugocohen@gmail.com","false"
"684f2e4b49c4772cbcfc4c14","הפרופיל שלך אושר! 🎉","השינויים שביקשת אושרו ועכשיו מוצגים בפרופיל שלך","profile_updated","false","/dashboard/my-profile","","✅","medium","6901e58cdcdcf10da79c51fa","2025-10-29T09:59:40.902000","2025-10-29T09:59:40.902000","683ed65f1113585473038f32","cberdugocohen@gmail.com","false"
"68457ecdf4baceb2cf6abe6f","הבקשה לעדכון פרופיל נדחתה","למידע נוסף ניתן לפנות למנהלת המערכת","profile_updated","false","/dashboard/my-profile","","❌","medium","6901e5821d9b30d62fa7e9d3","2025-10-29T09:59:30.536000","2025-10-29T09:59:30.536000","683ed65f1113585473038f32","cberdugocohen@gmail.com","false"
"684f2e4b49c4772cbcfc4c14","הפרופיל שלך אושר! 🎉","השינויים שביקשת אושרו ועכשיו מוצגים בפרופיל שלך","profile_updated","false","/dashboard/my-profile","","✅","medium","6901e575c2328a21fe93fe02","2025-10-29T09:59:17.533000","2025-10-29T09:59:17.533000","683ed65f1113585473038f32","cberdugocohen@gmail.com","false"
"68457ecdf4baceb2cf6abe6f","הבקשה לעדכון פרופיל נדחתה","למידע נוסף ניתן לפנות למנהלת המערכת","profile_updated","false","/dashboard/my-profile","","❌","medium","6901e53b2fa80395038decc9","2025-10-29T09:58:19.111000","2025-10-29T09:58:19.111000","683ed65f1113585473038f32","cberdugocohen@gmail.com","false"
"68457ecdf4baceb2cf6abe6f","נדרשים שינויים בפרופיל שלך","היי יקרה. לא בטוחה ששטיפה אנרגטית זה לפי דרך הלימוד? ","profile_updated","false","/dashboard/my-profile","","📝","medium","6901e531c5ccc4c253b56e26","2025-10-29T09:58:09.876000","2025-10-29T09:58:09.876000","683ed65f1113585473038f32","cberdugocohen@gmail.com","false"
"68457ecdf4baceb2cf6abe6f","הפרופיל שלך אושר! 🎉","השינויים שביקשת אושרו ועכשיו מוצגים בפרופיל שלך","profile_updated","false","/dashboard/my-profile","","✅","medium","6901e506ecf07828b4d73ddc","2025-10-29T09:57:26.761000","2025-10-29T09:57:26.761000","683ed65f1113585473038f32","cberdugocohen@gmail.com","false"
"6901b94983ddb1d22abecf73","הפרופיל שלך אושר! 🎉","השינויים שביקשת אושרו ועכשיו מוצגים בפרופיל שלך","profile_updated","false","/dashboard/my-profile","","✅","medium","6901e4f950ae3da384f17ad6","2025-10-29T09:57:13.797000","2025-10-29T09:57:13.797000","683ed65f1113585473038f32","cberdugocohen@gmail.com","false"
"6845800ecce0ada78f7a0417","הפרופיל שלך אושר! 🎉","השינויים שביקשת אושרו ועכשיו מוצגים בפרופיל שלך","profile_updated","false","/dashboard/my-profile","","✅","medium","6901e4ecaaf8a608af341956","2025-10-29T09:57:00.684000","2025-10-29T09:57:00.684000","683ed65f1113585473038f32","cberdugocohen@gmail.com","false"
"6845800ecce0ada78f7a0417","הפרופיל שלך אושר! 🎉","השינויים שביקשת אושרו ועכשיו מוצגים בפרופיל שלך","profile_updated","false","/dashboard/my-profile","","✅","medium","6901e4e1a7561cc5b0d9883f","2025-10-29T09:56:49.196000","2025-10-29T09:56:49.196000","683ed65f1113585473038f32","cberdugocohen@gmail.com","false"
"68bea0f3b45375b2186b22de","הודעה חדשה מעינבר כהן","קיבלת הודעה חדשה בנושא: ""בארטר טיפולים""","message","false","/MyMessages","6901b32c9d48d082b9732576","ud83dudc8c","medium","6901b32c3f17c187f72b7193","2025-10-29T06:24:44.933000","2025-10-29T06:24:44.933000","684f2e4b49c4772cbcfc4c14","inbarhazan27@gmail.com","false"
"6900ad6e1bda66313d99059f","הפרופיל שלך אושר! 🎉","השינויים שביקשת אושרו ועכשיו מוצגים בפרופיל שלך","profile_updated","false","/dashboard/my-profile","","✅","medium","6900c07f018e92af46fa3dfe","2025-10-28T13:09:19.591000","2025-10-28T13:09:19.591000","683ed65f1113585473038f32","cberdugocohen@gmail.com","false"
"6900ad6e1bda66313d99059f","הפרופיל שלך אושר! 🎉","השינויים שביקשת אושרו ועכשיו מוצגים בפרופיל שלך","profile_updated","false","/dashboard/my-profile","","✅","medium","6900c07816e8f903565382a9","2025-10-28T13:09:12.839000","2025-10-28T13:09:12.839000","683ed65f1113585473038f32","cberdugocohen@gmail.com","false"
"6900ad6e1bda66313d99059f","הפרופיל שלך אושר! 🎉","השינויים שביקשת אושרו ועכשיו מוצגים בפרופיל שלך","profile_updated","false","/dashboard/my-profile","","✅","medium","6900c07057d0a2dabd6bbae7","2025-10-28T13:09:04.886000","2025-10-28T13:09:04.886000","683ed65f1113585473038f32","cberdugocohen@gmail.com","false"
"6900ad6e1bda66313d99059f","הפרופיל שלך אושר! 🎉","השינויים שביקשת אושרו ועכשיו מוצגים בפרופיל שלך","profile_updated","false","/dashboard/my-profile","","✅","medium","6900c066875f15a7b16faf14","2025-10-28T13:08:54.745000","2025-10-28T13:08:54.745000","683ed65f1113585473038f32","cberdugocohen@gmail.com","false"
"68f63308f2d37eac792a7f4b","הפרופיל שלך אושר! 🎉","השינויים שביקשת אושרו ועכשיו מוצגים בפרופיל שלך","profile_updated","false","/dashboard/my-profile","","✅","medium","6900c056a82a4223768345c2","2025-10-28T13:08:38.113000","2025-10-28T13:08:38.113000","683ed65f1113585473038f32","cberdugocohen@gmail.com","false"
"68becfbffe7d1ba8f3bbe0be","הפרופיל שלך אושר! 🎉","השינויים שביקשת אושרו ועכשיו מוצגים בפרופיל שלך","profile_updated","false","/dashboard/my-profile","","✅","medium","69003fabdcbf224edcc9c583","2025-10-28T03:59:39.625000","2025-10-28T03:59:39.625000","683ed65f1113585473038f32","cberdugocohen@gmail.com","false"
"68f9c2bf9eac64d5be7a2724","הפרופיל שלך אושר! 🎉","השינויים שביקשת אושרו ועכשיו מוצגים בפרופיל שלך","profile_updated","false","/dashboard/my-profile","","✅","medium","68ffe8bc3b13e3776a3a04b2","2025-10-27T21:48:44.682000","2025-10-27T21:48:44.682000","683ed65f1113585473038f32","cberdugocohen@gmail.com","false"
"68be9cd25de226bd79286fc1","הפרופיל שלך אושר! 🎉","השינויים שביקשת אושרו ועכשיו מוצגים בפרופיל שלך","profile_updated","false","/dashboard/my-profile","","✅","medium","68ffe8aba0d542d9c871559e","2025-10-27T21:48:27.126000","2025-10-27T21:48:27.126000","683ed65f1113585473038f32","cberdugocohen@gmail.com","false"
"68bea4abd63c21417233f209","הפרופיל שלך אושר! 🎉","השינויים שביקשת אושרו ועכשיו מוצגים בפרופיל שלך","profile_updated","false","/dashboard/my-profile","","✅","medium","68ffe89bb2fd06b522ea122b","2025-10-27T21:48:11.535000","2025-10-27T21:48:11.535000","683ed65f1113585473038f32","cberdugocohen@gmail.com","false"
"68becfbffe7d1ba8f3bbe0be","הפרופיל שלך אושר! 🎉","השינויים שביקשת אושרו ועכשיו מוצגים בפרופיל שלך","profile_updated","false","/dashboard/my-profile","","✅","medium","68ffe84dc6cf025deeb40889","2025-10-27T21:46:53.664000","2025-10-27T21:46:53.664000","683ed65f1113585473038f32","cberdugocohen@gmail.com","false"
"68fe8c61db3883ce91168359","הפרופיל שלך אושר! 🎉","השינויים שביקשת אושרו ועכשיו מוצגים בפרופיל שלך","profile_updated","false","/dashboard/my-profile","","✅","medium","68ffe8433d2b16aadf027376","2025-10-27T21:46:43.447000","2025-10-27T21:46:43.447000","683ed65f1113585473038f32","cberdugocohen@gmail.com","false"
"68be9a929e70b9c0405d738a","הפרופיל שלך אושר! 🎉","השינויים שביקשת אושרו ועכשיו מוצגים בפרופיל שלך","profile_updated","false","/dashboard/my-profile","","✅","medium","68ffe834b78e67e7f20853f6","2025-10-27T21:46:28.531000","2025-10-27T21:46:28.531000","683ed65f1113585473038f32","cberdugocohen@gmail.com","false"
"68be9a929e70b9c0405d738a","הפרופיל שלך אושר! 🎉","השינויים שביקשת אושרו ועכשיו מוצגים בפרופיל שלך","profile_updated","false","/dashboard/my-profile","","✅","medium","68ffe82786dd775c9940f2a6","2025-10-27T21:46:15.869000","2025-10-27T21:46:15.869000","683ed65f1113585473038f32","cberdugocohen@gmail.com","false"
"68fe13afed71973678fb2aca","הפרופיל שלך אושר! 🎉","השינויים שביקשת אושרו ועכשיו מוצגים בפרופיל שלך","profile_updated","false","/dashboard/my-profile","","✅","medium","68fe2e0cd79e3ded0e4276cc","2025-10-26T14:19:56.082000","2025-10-26T14:19:56.082000","683ed65f1113585473038f32","cberdugocohen@gmail.com","false"
"68f6580323dbbacb47f4b91b","הבקשה לעדכון פרופיל נדחתה","למידע נוסף ניתן לפנות למנהלת המערכת","profile_updated","false","/dashboard/my-profile","","❌","medium","68fdbf8a912d5a4b0617665f","2025-10-26T06:28:26.531000","2025-10-26T06:28:26.531000","683ed65f1113585473038f32","cberdugocohen@gmail.com","false"
"68fd2b597d455648f75c7303","הפרופיל שלך אושר! 🎉","השינויים שביקשת אושרו ועכשיו מוצגים בפרופיל שלך","profile_updated","false","/dashboard/my-profile","","✅","medium","68fdbf8032696121dc38c06c","2025-10-26T06:28:16.503000","2025-10-26T06:28:16.503000","683ed65f1113585473038f32","cberdugocohen@gmail.com","false"